{"val_loss": 1.8967297077178955, "val_acc": 0.48909658193588257}